ts	phase	decision	why	evidence	result
2026-09-19T05:45:36Z	diagnosis	treated the OBS shutdown crash as part of the stability failure	four crashes share the same plugin teardown frame	coredumpctl info 147864, ~/.config/obs-studio/logs/2026-09-19 11-10-33.txt	confirmed openstream_unregister_dock releases an OBS source during shutdown
2026-09-19T05:50:30Z	pairing probe	tested the installed plugin with a current-format simulated phone	separates Linux plugin discovery from the unknown installed Android build	~/.config/obs-studio/logs/2026-09-19 11-20-30.txt	plugin sent POST /reserve within 4.5 seconds
2026-09-19T05:52:13Z	paired-state probe	tested a busy simulated phone reserved for the saved CAM A source	matches the phone's reported paired state instead of testing only a free phone	~/.config/obs-studio/logs/2026-09-19 11-22-10.txt	plugin discovered the busy phone and sent POST /reserve
2026-09-19T06:08:00Z	isolation	created a separate shin wire identity and removed the OBS dock	avoids source/plugin/app collisions and the proven dock teardown crash	git diff; ldd installed shin-obs.so	shin uses dev.shin.app, shin_phone_source, SHIN/1, ports 51615/9100/9101, and no frontend or Widgets dependency
2026-09-19T06:12:00Z	compatibility	added selected-host unicast to broadcast and multicast discovery	phones that receive OBS beacons must be able to advertise back even when reverse multicast is filtered	PhoneDiscoveryAdvertiser.kt	bounded one-second beacon loop now targets broadcast, multicast, and the selected OBS address
2026-09-19T06:14:00Z	build	built matched Android and Linux artifacts	both sides must share the same protocol before installation	Gradle assembleDebug; build_plugin_linux.sh	Android succeeded; all 5 C++ tests passed
2026-09-19T06:15:00Z	installation	installed shin and disabled the crashing OpenStream module recoverably	prevents both modules from loading and preserves rollback	~/.config/obs-studio/plugins and disabled-plugins	shin-obs.so is the only third-party camera module loaded; scene backup created
2026-09-19T06:17:00Z	media smoke test	ran real OBS against a synthetic H.264/AAC SRT phone	verifies discovery, reservation, control, transport, decode, timestamps, frame output, release, and shutdown	~/.config/obs-studio/logs/2026-09-19 11-44-05.txt	OBS received 640x360 H.264 plus AAC, emitted decoded frames, released reservation, and exited with no new core dump
2026-09-19T06:23:00Z	independent review	fixed stale Linux CI artifact and dependency expectations	the renamed module and removed UI dependencies changed the packaging contract	gpt-6-astra review; .github/workflows/obs-plugin-linux.yml	Linux CI now verifies shin paths and rejects frontend, Widgets, or Network linkage; Windows keeps its existing artifact contract
